<?xml version="1.0" encoding="UTF-8"?>  
<!DOCTYPE hibernate-configuration PUBLIC  
        "-//Hibernate/Hibernate Configuration DTD 5.3//EN"  
        "http://www.hibernate.org/dtd/hibernate-configuration-5.3.dtd">
<hibernate-configuration>
	<session-factory>
		<!-- Drop and re-create the database schema on startup -->
		<property name="hibernate.hbm2ddl.auto"> update </property>
		<!-- Database connection settings -->
		<property name="connection.driver_class">org.mariadb.jdbc.Driver</property>
		<property name="connection.url">jdbc:mariadb://localhost:3307/mavendb</property>
		<property name="connection.username">root</property>
		<property name="connection.password">password</property>
		<!-- Maria DB dialect -->
		<property name="dialect">org.hibernate.dialect.MariaDB53Dialect</property>
		<!-- Echo all executed SQL to stdout -->
		<property name="hibernate.show_sql">true </property>
		<property name="hibernate.format_sql">true </property>

		<!-- Mapping entity file -->
		<mapping class="entity.EmployeeEntity" />

	</session-factory>
</hibernate-configuration>  